years,text_general_code,lat,lon
1,Weapon Violations,40.036389,-75.130477
1,All Other Offenses,39.969532,-75.16635
1,Thefts,39.94007,-75.166412
1,Other Assaults,39.979586,-75.171149
1,Thefts,39.976134,-75.160229
1,Thefts,39.977872,-75.163073
1,Thefts,40.04127,-75.075602
1,Disorderly Conduct,39.990907,-75.122057
1,Thefts,39.975724,-75.178874
1,Thefts,40.01243,-75.069032
1,Arson,39.975197,-75.266605
1,Thefts,39.959754,-75.235121
1,Thefts,40.02849,-75.099584
1,Thefts,39.959005,-75.217184
1,Other Assaults,39.995626,-75.125869
1,Arson,40.040153,-75.1769
1,Fraud,39.981381,-75.148657
1,Thefts,39.965767,-75.246174
1,Theft from Vehicle,39.972396,-75.142238
1,Thefts,39.965636,-75.231825
1,Robbery No Firearm,40.020219,-75.077126
1,Other Assaults,39.968878,-75.236743
1,Theft from Vehicle,39.940641,-75.171071
1,Thefts,39.994678,-75.094481
1,Theft from Vehicle,39.953878,-75.194694
1,Thefts,40.006611,-75.213489
1,Theft from Vehicle,39.960435,-75.228597
1,Theft from Vehicle,39.949959,-75.223059
1,Robbery Firearm,39.986415,-75.169577
1,Thefts,40.046875,-75.07033
1,Other Assaults,39.983601,-75.160204
1,Thefts,40.032092,-75.084733
1,Other Assaults,39.915826,-75.177232
1,Theft from Vehicle,39.975158,-75.249292
1,Motor Vehicle Theft,39.925513,-75.159205
1,Fraud,40.020515,-75.135353
1,Thefts,40.017622,-75.085511
1,Thefts,40.032924,-75.032986
1,Fraud,39.883852,-75.230706
1,Thefts,39.983081,-75.163557
1,Thefts,39.975478,-75.153582
1,Thefts,39.958653,-75.214022
1,Thefts,39.955691,-75.189919
1,Thefts,39.965085,-75.205535
1,Thefts,39.956487,-75.196171
1,Thefts,39.958779,-75.209228
1,Thefts,39.982888,-75.163599
1,Thefts,39.931814,-75.188667
1,Thefts,39.935917,-75.177152
1,Thefts,39.9337,-75.177542
1,Thefts,39.934427,-75.179686
1,Rape,40.055312,-75.073315
1,Rape,39.916929,-75.170533
1,Rape,39.935697,-75.152077
1,Other Assaults,40.007772,-75.102881
1,Other Assaults,40.003593,-75.103664
1,Fraud,40.049404,-75.067901
1,Fraud,39.925099,-75.17941
1,Thefts,40.087979,-75.023527
1,Thefts,39.951586,-75.156776
1,Fraud,39.924675,-75.171669
1,Rape,40.023616,-75.115979
1,Thefts,39.950587,-75.193967
1,All Other Offenses,39.990907,-75.122057
1,Thefts,40.112079,-75.023628
1,Other Assaults,39.943674,-75.165577
1,Fraud,39.877347,-75.247884
1,Theft from Vehicle,39.990417,-75.127084
1,Disorderly Conduct,39.941788,-75.150781
1,Fraud,39.91646,-75.159099
1,Thefts,39.918509,-75.185085
1,Thefts,40.045349,-75.098186
1,Thefts,39.996151,-75.171906
1,Thefts,39.94169,-75.150014
1,Other Assaults,40.036367,-75.085655
1,Thefts,39.929674,-75.162438
1,Thefts,39.923506,-75.143638
1,Thefts,39.927906,-75.177883
1,Thefts,40.067016,-75.156289
1,Thefts,40.018208,-75.11093
1,Thefts,40.004502,-75.150953
1,Thefts,39.947753,-75.16079
1,Other Assaults,39.944004,-75.223069
1,Fraud,40.086168,-74.971153
1,Thefts,39.946881,-75.144875
1,Robbery No Firearm,39.950324,-75.226958
1,Thefts,40.100745,-75.007961
1,Fraud,39.944312,-75.228316
1,Fraud,39.952665,-75.21947
1,Fraud,40.017651,-75.064964
1,Disorderly Conduct,39.964669,-75.222027
1,Thefts,40.030616,-75.078742
1,Fraud,40.102131,-75.029016
1,Fraud,40.039164,-75.122354
1,Thefts,39.942767,-75.157933
1,Fraud,40.067622,-75.178264
1,Thefts,40.035317,-75.121299
1,Fraud,39.995447,-75.125909
1,Thefts,40.032895,-75.145479
1,Thefts,40.044221,-75.117166
1,Thefts,40.008954,-75.068881
1,Thefts,40.038292,-75.109474
1,Thefts,39.977789,-75.181166
1,Burglary Residential,39.959301,-75.209349
1,Theft from Vehicle,39.970318,-75.179653
1,Theft from Vehicle,40.035109,-75.034206
1,Fraud,39.937545,-75.166949
1,Thefts,40.025133,-75.082684
1,All Other Offenses,39.948806,-75.238247
1,Thefts,40.107011,-75.038589
1,Thefts,39.955362,-75.189472
1,Thefts,40.043001,-75.190581
1,Other Assaults,40.009537,-75.090835
1,Fraud,39.956415,-75.202167
1,All Other Offenses,39.961942,-75.240193
1,Fraud,39.978568,-75.243294
1,Fraud,40.007003,-75.100844
1,Thefts,39.91307,-75.232515
1,Thefts,39.950358,-75.170567
1,Thefts,39.952073,-75.161485
1,Thefts,40.035317,-75.121299
1,Fraud,40.0262,-75.084101
1,Thefts,39.977321,-75.175701
1,Other Assaults,40.012063,-75.090582
1,Thefts,40.02682,-75.117264
1,Thefts,39.991927,-75.124514
1,Thefts,39.992766,-75.145048
1,All Other Offenses,39.965327,-75.229988
1,Thefts,39.981977,-75.158942
1,Theft from Vehicle,40.028815,-75.084194
1,Thefts,39.969734,-75.157592
1,Other Assaults,40.123861,-75.024616
1,Rape,40.039892,-75.118672
1,Thefts,39.883546,-75.232354
1,Thefts,39.946859,-75.230014
1,Robbery No Firearm,40.055618,-75.129205
1,Rape,40.038788,-75.225142
1,Rape,39.952058,-75.160656
1,All Other Offenses,39.915764,-75.24249
1,Fraud,40.078631,-74.998227
1,Thefts,40.039016,-75.146614
1,Thefts,40.023928,-75.115867
1,Robbery Firearm,39.964133,-75.240363
1,Thefts,39.972632,-75.129309
1,Other Assaults,40.026637,-75.114476
1,Thefts,39.924899,-75.169698
1,Thefts,39.986397,-75.180237
1,Thefts,40.025573,-75.117214
1,Disorderly Conduct,40.005307,-75.109446
1,Other Assaults,40.029741,-75.122665
1,Thefts,39.928643,-75.229904
1,Other Assaults,40.010315,-75.159226
1,Arson,39.983441,-75.24328
1,All Other Offenses,39.948162,-75.221237
1,Arson,39.999322,-75.110615
1,All Other Offenses,39.969998,-75.205288
1,All Other Offenses,39.924247,-75.230489
1,Fraud,39.922519,-75.162024
1,Thefts,40.042668,-75.012759
1,Thefts,40.012068,-75.155497
1,Fraud,39.98226,-75.22876
1,Fraud,39.989825,-75.185667
1,Theft from Vehicle,40.066444,-75.174188
1,Thefts,39.986238,-75.156234
1,Theft from Vehicle,39.970482,-75.141314
1,Fraud,40.032301,-75.14795
1,Other Assaults,40.028863,-75.092433
1,Other Assaults,39.916758,-75.163244
1,Thefts,39.921265,-75.170262
1,Thefts,39.952058,-75.160656
1,Fraud,40.04185,-75.18867
1,Other Assaults,40.061227,-75.083621
1,Fraud,40.01548,-75.170657
1,Rape,39.921038,-75.159611
1,Theft from Vehicle,40.052113,-75.188014
1,All Other Offenses,40.028763,-75.165549
1,Thefts,40.005567,-75.103332
1,Thefts,39.984113,-75.156682
1,Thefts,39.962244,-75.224347
1,Fraud,40.037918,-75.110674
1,Thefts,39.999836,-75.100716
1,All Other Offenses,39.986536,-75.15477
1,Thefts,40.01208,-75.112391
1,Fraud,40.035592,-75.082255
1,Fraud,40.031257,-75.091506
1,Fraud,40.075214,-75.087129
1,Thefts,39.969633,-75.140783
1,Thefts,39.919319,-75.23031
1,Thefts,39.978799,-75.118596
1,All Other Offenses,39.962228,-75.233259
1,Thefts,40.048777,-75.052959
1,Thefts,40.059217,-75.051505
1,Robbery Firearm,39.927197,-75.143739
1,Thefts,40.006264,-75.103193
1,All Other Offenses,39.991744,-75.124549
1,Other Assaults,40.060319,-75.166883
1,Thefts,39.980591,-75.172567
1,Thefts,39.921393,-75.146105
1,Theft from Vehicle,39.957828,-75.160274
1,Thefts,39.918435,-75.184619
1,Thefts,40.009068,-75.112869
1,Thefts,40.00755,-75.108846
1,Thefts,40.055096,-75.004388
1,Thefts,39.995551,-75.166634
1,Other Assaults,39.929864,-75.173522
1,Thefts,39.952238,-75.170281
1,Thefts,40.071548,-75.157682
1,Weapon Violations,39.996257,-75.139346
1,Theft from Vehicle,39.952507,-75.148172
1,Thefts,39.883546,-75.232354
1,Thefts,39.948238,-75.143267
1,Thefts,39.991454,-75.091662
1,Thefts,39.949868,-75.16809
1,Fraud,40.038065,-75.044853
1,Thefts,39.915513,-75.168149
1,Thefts,40.023094,-75.076588
1,Thefts,40.021479,-75.051804
1,Thefts,39.971584,-75.225815
1,Thefts,40.012113,-75.079253
1,Thefts,39.948512,-75.207338
1,Thefts,39.958197,-75.223285
1,Robbery Firearm,40.039539,-75.117206
1,Thefts,40.005801,-75.097015
1,Thefts,39.967995,-75.139875
1,Thefts,39.935632,-75.167128
1,Other Assaults,40.017131,-75.075094
1,Fraud,40.019735,-75.110473
1,Other Assaults,39.994063,-75.127521
1,Thefts,39.995746,-75.095575
1,Fraud,39.982137,-75.253314
1,Thefts,40.041782,-75.158722
1,Thefts,39.95372,-75.209221
1,Burglary Residential,40.054708,-75.138979
1,Thefts,40.072893,-75.033667
1,Thefts,40.006611,-75.213489
1,Thefts,39.976919,-75.230896
1,Thefts,40.009621,-75.098287
1,Fraud,39.979257,-75.136862
1,Other Assaults,40.0266,-75.174113
1,Thefts,40.095961,-75.016927
1,Fraud,39.938186,-75.162819
1,Other Assaults,39.967199,-75.14719
1,Other Assaults,40.048431,-75.15079
1,Thefts,40.061516,-75.14145
1,Thefts,40.008583,-75.163035
1,Thefts,40.039082,-75.144752
1,All Other Offenses,40.063102,-75.055025
1,Other Assaults,39.976724,-75.136686
1,Theft from Vehicle,39.995975,-75.119659
1,Thefts,39.949052,-75.162156
1,Thefts,39.947278,-75.166719
1,Fraud,40.043738,-75.136649
1,Other Assaults,40.003712,-75.103621
1,Arson,39.95493,-75.152112
1,Theft from Vehicle,40.040439,-75.042197
1,Robbery Firearm,40.038658,-75.078251
1,All Other Offenses,39.936135,-75.231609
1,Thefts,40.069287,-75.151203
1,Burglary Residential,39.97188,-75.175049
1,Thefts,39.926242,-75.166132
1,Thefts,39.926935,-75.156751
1,Other Assaults,39.918123,-75.153983
1,Thefts,39.959914,-75.205347
1,Thefts,39.934767,-75.195327
1,Thefts,40.110552,-74.978146
1,Thefts,40.017101,-75.087173
1,Fraud,40.046313,-75.16199
1,Fraud,40.026188,-75.091085
1,Thefts,39.979324,-75.232393
1,All Other Offenses,39.965895,-75.189041
1,Thefts,40.022262,-75.078245
1,Theft from Vehicle,39.995272,-75.239077
1,Thefts,40.028961,-75.058383
1,Thefts,39.944061,-75.175561
1,Thefts,40.044531,-75.144653
1,All Other Offenses,39.965761,-75.246149
1,Fraud,40.02142,-75.049175
1,Thefts,40.010947,-75.166645
1,Thefts,40.004045,-75.126049
1,All Other Offenses,39.931562,-75.186813
1,Thefts,39.958701,-75.227281
1,Other Assaults,39.970119,-75.228566
1,Other Assaults,39.987836,-75.124361
1,Fraud,40.074305,-75.241324
1,Fraud,39.951887,-75.159942
1,Fraud,39.947544,-75.159463
1,Thefts,40.044829,-75.231031
1,Thefts,39.950511,-75.164149
1,All Other Offenses,40.077021,-75.071619
1,Robbery Firearm,40.006447,-75.142118
1,Thefts,40.054166,-75.054475
1,Other Assaults,40.009706,-75.092643
1,Thefts,39.916447,-75.158047
1,Thefts,39.951586,-75.156776
1,Robbery Firearm,39.924864,-75.226475
1,Thefts,39.978062,-75.273929
1,Other Assaults,40.000669,-75.11466
1,Thefts,39.947278,-75.166719
1,Other Assaults,39.97042,-75.245206
1,Fraud,39.91548,-75.167687
1,Fraud,40.006613,-75.213599
1,Other Assaults,39.985269,-75.111221
1,Fraud,39.919521,-75.15943
1,Fraud,39.923096,-75.169838
1,Fraud,39.919146,-75.148951
1,Motor Vehicle Theft,39.96292,-75.137237
1,Thefts,40.086521,-74.959433
1,Motor Vehicle Theft,39.988028,-75.103159
1,Motor Vehicle Theft,39.92412,-75.190845
1,Motor Vehicle Theft,39.972053,-75.130196
1,Fraud,40.029732,-75.232872
1,Thefts,39.925047,-75.16943
1,Thefts,39.918538,-75.185227
1,Vagrancy/Loitering,39.953578,-75.156861
1,Other Assaults,40.063835,-75.008263
1,Thefts,40.064266,-75.05044
1,Thefts,39.936143,-75.147201
1,Thefts,39.938354,-75.153235
1,Thefts,39.947999,-75.205656
1,Thefts,39.932434,-75.224657
1,Fraud,40.042396,-75.197208
1,Fraud,39.953618,-75.165066
1,Fraud,39.963825,-75.230468
1,Fraud,40.038076,-75.049474
1,Fraud,40.023183,-75.124207
1,Thefts,40.024675,-75.16645
1,Fraud,39.948958,-75.154466
1,Thefts,39.942767,-75.157933
1,Thefts,40.063034,-75.086551
1,Rape,40.021341,-75.070286
1,Thefts,39.972033,-75.125309
1,Thefts,39.952073,-75.161485
1,Thefts,39.980505,-75.251077
1,Thefts,39.91651,-75.245828
1,Thefts,39.99725,-75.108173
1,Thefts,40.009609,-75.151117
1,Thefts,40.02386,-75.065223
1,Fraud,39.91441,-75.236068
1,Fraud,40.02444,-75.212018
1,Fraud,40.028355,-75.206453
1,Fraud,40.036409,-75.130559
1,Fraud,40.052989,-75.238902
1,Rape,39.99872,-75.147119
1,Thefts,39.955615,-75.202333
1,Fraud,39.963,-75.236371
1,Fraud,39.998314,-75.164244
1,Arson,40.000302,-75.118682
1,Thefts,39.921758,-75.187017
1,Thefts,39.927696,-75.229991
1,Thefts,39.952344,-75.146867
1,Thefts,39.962839,-75.16137
1,Robbery Firearm,39.917757,-75.179378
1,Thefts,39.990925,-75.101642
1,Thefts,39.989868,-75.103866
1,Thefts,39.997293,-75.089345
1,Theft from Vehicle,40.013052,-75.107835
1,Thefts,39.952073,-75.161485
1,Other Assaults,40.060669,-75.254208
1,Thefts,40.02849,-75.099584
1,All Other Offenses,40.022693,-75.215754
1,Thefts,39.916469,-75.169285
1,Thefts,39.948425,-75.166193
1,Thefts,39.936453,-75.148702
1,Thefts,40.055422,-75.158171
1,Other Assaults,40.017907,-75.051382
1,All Other Offenses,39.957895,-75.208081
1,Thefts,40.019479,-75.081259
1,Thefts,39.95372,-75.209221
1,Thefts,39.94871,-75.162251
1,Rape,40.066121,-74.988253
1,Thefts,39.935338,-75.150521
1,Thefts,39.968037,-75.176075
1,Fraud,39.938019,-75.191826
1,Thefts,39.955318,-75.200022
1,Thefts,39.939692,-75.222986
1,Thefts,39.952073,-75.161485
1,Fraud,39.965515,-75.210884
1,Fraud,39.931543,-75.175819
1,Fraud,39.994955,-75.110449
1,Thefts,40.003241,-75.165939
1,Thefts,40.078197,-75.175514
1,Robbery No Firearm,39.998622,-75.117107
1,All Other Offenses,40.045425,-75.164835
1,Fraud,40.092822,-75.044296
1,Theft from Vehicle,39.988525,-75.130781
1,Robbery No Firearm,39.955047,-75.238731
1,Thefts,40.059268,-75.141943
1,Other Assaults,39.994991,-75.12087
1,Thefts,39.998687,-75.117324
1,Fraud,39.995195,-75.179534
1,Fraud,40.029182,-75.068171
1,Other Assaults,39.991117,-75.124576
1,Fraud,40.000825,-75.118637
1,Fraud,40.029472,-75.218683
1,Fraud,40.022232,-75.057842
1,Fraud,39.984456,-75.133896
1,Thefts,40.001574,-75.145457
1,Thefts,39.952015,-75.160371
1,Thefts,40.039594,-75.032998
1,Fraud,40.027145,-75.141786
1,All Other Offenses,40.028681,-75.16562
1,Thefts,40.024643,-75.08686
1,Thefts,40.080703,-74.982917
1,Other Assaults,40.003947,-75.124197
1,Thefts,40.032544,-75.106373
1,Other Assaults,40.023889,-75.11598
1,Robbery Firearm,39.968285,-75.2181
1,Arson,40.011181,-75.09995
1,Other Assaults,39.926118,-75.234891
1,Fraud,39.999312,-75.153381
1,Other Assaults,39.946928,-75.163975
1,All Other Offenses,39.935004,-75.184213
1,All Other Offenses,39.966605,-75.220435
1,Arson,39.970543,-75.1502
1,Rape,39.995375,-75.116216
1,Rape,39.934481,-75.196905
1,Disorderly Conduct,39.956878,-75.149094
1,Other Assaults,39.998355,-75.112809
1,Fraud,39.966084,-75.133281
1,Thefts,39.876325,-75.252199
1,All Other Offenses,39.96153,-75.224573
1,Weapon Violations,39.992742,-75.12648
1,All Other Offenses,40.057174,-75.130816
1,Other Assaults,39.995583,-75.167531
1,All Other Offenses,39.883852,-75.230706
1,Thefts,39.960946,-75.23289
1,Robbery No Firearm,40.032094,-75.131514
1,All Other Offenses,39.96683,-75.241774
1,Fraud,39.963117,-75.142447
1,Fraud,39.946864,-75.144413
1,Fraud,39.946499,-75.16047
1,All Other Offenses,39.933598,-75.192856
1,Thefts,39.999836,-75.166592
1,Thefts,40.055435,-75.232442
1,Thefts,40.055047,-75.235867
1,All Other Offenses,39.965818,-75.233943
1,Rape,39.986069,-75.161285
1,Thefts,40.030698,-75.2277
1,Thefts,39.94968,-75.16193
1,Robbery Firearm,39.973779,-75.23023
1,Thefts,39.952945,-75.159664
1,All Other Offenses,39.960024,-75.224809
1,All Other Offenses,39.986633,-75.232079
1,All Other Offenses,39.997975,-75.121229
1,Thefts,39.992124,-75.099342
1,Motor Vehicle Theft,39.959301,-75.209349
1,Thefts,40.030737,-75.212078
1,Thefts,40.078222,-75.02419
1,Thefts,39.925108,-75.235094
1,Thefts,39.938405,-75.151004
1,Other Assaults,39.935305,-75.165143
1,Thefts,39.960091,-75.225167
1,Thefts,40.005893,-75.096742
1,Thefts,39.952622,-75.156544
1,Arson,39.998948,-75.103668
1,Motor Vehicle Theft,40.024714,-75.130675
1,Fraud,39.94119,-75.168898
1,All Other Offenses,39.925507,-75.178752
1,Fraud,39.936183,-75.190003
1,Thefts,39.918624,-75.185282
1,Weapon Violations,40.076362,-75.081902
1,Thefts,39.952073,-75.161485
1,Thefts,39.923533,-75.184954
1,Other Assaults,40.028249,-75.109995
1,Thefts,39.9513,-75.15455
1,Thefts,39.952073,-75.161485
1,Thefts,39.951299,-75.155218
1,Thefts,40.046868,-75.058382
1,Thefts,39.944767,-75.151262
1,Thefts,40.046868,-75.058382
1,Thefts,39.933434,-75.162178
1,Thefts,39.942563,-75.145559
1,Thefts,39.921109,-75.173726
1,Theft from Vehicle,39.940989,-75.175953
1,Rape,40.009954,-75.082612
1,Other Assaults,40.032054,-75.209588
1,Thefts,39.941603,-75.218151
1,Thefts,40.054384,-75.07421
1,All Other Offenses,39.955202,-75.183148
1,Thefts,40.076346,-75.067661
1,Fraud,39.949974,-75.168942
1,Rape,39.964175,-75.201794
1,Thefts,39.919224,-75.166424
1,Thefts,39.941129,-75.144865
1,Thefts,39.979392,-75.225363
1,Thefts,40.059765,-75.06092
1,Thefts,40.064568,-75.085117
1,Fraud,40.033125,-75.170688
1,Thefts,39.955787,-75.166229
1,Thefts,39.948448,-75.166244
1,Thefts,40.028345,-75.058202
1,Rape,39.932785,-75.191345
1,Thefts,40.046868,-75.058382
1,Thefts,40.051479,-75.008971
1,Thefts,39.962241,-75.19953
1,Thefts,39.948087,-75.21403
1,Thefts,40.085806,-75.035225
1,Thefts,40.06094,-75.192302
1,Fraud,40.015683,-75.089552
1,Other Assaults,40.078026,-74.984961
1,Thefts,39.964572,-75.204535
1,Thefts,40.092901,-75.064736
1,Other Assaults,40.018321,-75.081399
1,Other Assaults,40.001155,-75.117134
1,Other Assaults,40.011086,-75.164415
1,Thefts,40.123892,-74.994814
1,Fraud,40.037505,-75.17126
1,Other Assaults,40.05167,-75.174988
1,Fraud,40.002392,-75.204888
1,Burglary Residential,40.035495,-75.170439
1,Other Assaults,40.033174,-75.164837
1,Embezzlement,40.008482,-75.210828
1,Other Assaults,40.032254,-75.064419
1,Theft from Vehicle,39.962916,-75.141004
1,Arson,39.975037,-75.222712
1,Thefts,40.030204,-75.17614
1,Embezzlement,40.001164,-75.120434
1,Thefts,40.039839,-75.109053
1,Arson,39.937276,-75.176675
1,Fraud,40.023967,-75.121803
1,Fraud,39.993817,-75.122623
1,Fraud,40.006617,-75.13709
1,Fraud,40.025391,-75.145421
1,Fraud,40.091919,-75.026353
1,Disorderly Conduct,39.955911,-75.192229
1,Thefts,39.951576,-75.157484
1,Thefts,39.953222,-75.202835
1,Thefts,39.964846,-75.190217
1,Thefts,40.011704,-75.084899
1,Fraud,40.006747,-75.131542
1,Other Assaults,40.01501,-75.068195
1,All Other Offenses,39.954261,-75.23247
1,Thefts,39.991005,-75.101506
1,Arson,39.974771,-75.173714
1,All Other Offenses,39.992789,-75.122108
1,Thefts,39.962692,-75.24532
1,Thefts,39.950229,-75.171017
1,Other Assaults,40.00192,-75.126621
1,Fraud,40.017787,-75.154351
1,Arson,40.010977,-75.095886
1,Thefts,39.969429,-75.139304
1,Robbery No Firearm,39.928879,-75.156398
1,Thefts,40.032554,-75.045738
1,Thefts,40.004737,-75.152174
1,All Other Offenses,39.996239,-75.123603
1,Thefts,39.963201,-75.241828
1,Thefts,39.977737,-75.127788
1,Thefts,40.056017,-75.149455
1,Thefts,40.031389,-75.103187
1,Other Assaults,39.983731,-75.176783
1,Thefts,40.001566,-75.110231
1,Thefts,39.876671,-75.242175
1,Arson,39.984693,-75.127042
1,All Other Offenses,39.9608,-75.224767
1,Rape,40.004045,-75.126049
1,Theft from Vehicle,40.037375,-75.174821
1,Other Assaults,40.007845,-75.142877
1,Other Assaults,39.993884,-75.12011
1,Thefts,40.033377,-75.131226
1,Other Assaults,40.032506,-75.147794
1,Thefts,39.986423,-75.097423
1,Theft from Vehicle,39.94198,-75.17078
1,Thefts,40.023094,-75.076588
1,Fraud,39.9813,-75.121372
1,Weapon Violations,39.987581,-75.112653
1,Thefts,39.985705,-75.132061
1,Thefts,39.990506,-75.161825
1,Thefts,39.992261,-75.109575
1,Thefts,39.978263,-75.118842
1,Thefts,40.032029,-75.13153
1,Other Assaults,40.073612,-74.983298
1,Thefts,39.94007,-75.166412
1,All Other Offenses,40.04654,-75.172955
1,All Other Offenses,40.040552,-75.124211
1,Fraud,40.046108,-75.061601
1,Fraud,40.049107,-75.062388
1,Fraud,39.92701,-75.17186
1,Fraud,39.927245,-75.18366
1,Fraud,39.931468,-75.166543
1,Thefts,39.923506,-75.143638
1,Thefts,40.053719,-75.178333
1,Thefts,39.969406,-75.185208
1,Thefts,39.95372,-75.209221
1,Thefts,40.041647,-75.073121
1,Fraud,40.034022,-75.055799
1,Thefts,40.062195,-75.170067
1,Thefts,40.062064,-75.063304
1,Thefts,40.026345,-75.064564
1,Thefts,39.948358,-75.238929
1,Other Assaults,39.99904,-75.119015
1,Thefts,40.008413,-75.104661
1,Fraud,39.992025,-75.139964
1,Thefts,39.989868,-75.103866
1,Other Assaults,39.927924,-75.171283
1,Motor Vehicle Theft,39.95921,-75.165499
1,Thefts,39.920288,-75.178018
1,Thefts,39.929027,-75.151906
1,Thefts,40.045561,-75.088356
1,All Other Offenses,40.043897,-75.073202
1,Thefts,40.045524,-75.088237
1,Thefts,40.064478,-74.999009
1,All Other Offenses,40.039123,-75.110053
1,Thefts,39.921923,-75.186977
1,Other Assaults,40.04609,-75.105748
1,Other Assaults,40.07765,-75.086376
1,Thefts,39.918538,-75.185227
1,Thefts,40.034106,-75.176498
1,Thefts,40.03539,-75.049671
1,Rape,39.967866,-75.154733
1,Thefts,40.052554,-75.090609
1,Theft from Vehicle,40.026935,-75.227231
1,Theft from Vehicle,39.958053,-75.148874
1,Thefts,39.947972,-75.166352
1,Thefts,39.949996,-75.169187
1,Thefts,39.961958,-75.141097
1,All Other Offenses,40.058485,-75.158143
1,Thefts,39.93024,-75.151022
1,Thefts,39.946366,-75.237615
1,Fraud,40.124033,-75.015253
1,Robbery Firearm,40.071534,-75.032344
1,Thefts,39.922154,-75.23033
1,Other Assaults,39.950817,-75.156921
1,Thefts,40.01983,-75.079612
1,Thefts,40.026069,-75.058641
1,Thefts,39.99685,-75.15403
1,Thefts,40.010553,-75.112543
1,Fraud,40.113174,-75.030229
1,Thefts,40.043021,-75.044784
1,Thefts,40.056622,-75.15694
1,Fraud,40.10432,-75.031806
1,Thefts,39.974865,-75.235031
1,Thefts,39.934487,-75.14556
1,Other Assaults,39.998493,-75.07125
1,Fraud,40.047841,-75.059935
1,All Other Offenses,40.056884,-75.174001
1,Thefts,40.005172,-75.217957
1,Thefts,39.979168,-75.271407
1,Fraud,40.079135,-75.036716
1,Other Assaults,40.073928,-75.077664
1,Rape,39.986005,-75.161739
1,Thefts,39.954074,-75.201869
1,Thefts,39.941922,-75.145332
1,Fraud,40.029914,-75.051578
1,Thefts,39.951412,-75.190506
1,Rape,40.00206,-75.132653
1,All Other Offenses,39.96201,-75.2407
1,Fraud,39.990371,-75.102686
1,Rape,39.969389,-75.135997
1,Other Assaults,39.949826,-75.158664
1,Rape,39.995824,-75.137408
1,Thefts,40.032143,-75.232047
1,Thefts,39.923506,-75.143638
1,Thefts,39.902591,-75.239919
1,Thefts,39.989538,-75.157145
1,Fraud,39.976075,-75.124503
1,Fraud,39.883852,-75.230706
1,Thefts,39.989807,-75.103806
1,Thefts,40.038066,-75.222793
1,Theft from Vehicle,40.024219,-75.121744
1,Thefts,39.99538,-75.171007
1,Thefts,39.990264,-75.186652
1,Thefts,39.938997,-75.159407
1,Thefts,39.954529,-75.144782
1,Thefts,39.939026,-75.161049
1,Thefts,40.080498,-75.036833
1,All Other Offenses,39.961241,-75.234798
1,Thefts,40.118091,-75.021822
1,Thefts,40.013086,-75.119318
1,Thefts,39.950993,-75.152043
1,Thefts,39.940684,-75.145718
1,Thefts,39.962396,-75.143137
1,Thefts,39.947804,-75.161562
1,Robbery No Firearm,40.008282,-75.194635
1,Other Assaults,39.925644,-75.227332
1,Thefts,40.005562,-75.105387
1,Thefts,40.041784,-75.144484
1,Thefts,40.002572,-75.152754
1,Thefts,40.031337,-75.167507
1,Thefts,39.883535,-75.232338
1,Other Assaults,39.946335,-75.159483
1,Theft from Vehicle,39.953009,-75.222216
1,Robbery Firearm,40.035243,-75.088174
1,Robbery No Firearm,39.967654,-75.168468
1,Thefts,39.952825,-75.158896
1,Disorderly Conduct,39.942367,-75.155508
1,Robbery No Firearm,39.998246,-75.103737
1,Thefts,39.877344,-75.24787
1,Fraud,40.08067,-74.984654
1,Fraud,39.957985,-75.243598
1,Fraud,39.95183,-75.171974
1,Fraud,40.07363,-75.077022
1,Burglary Residential,40.085077,-75.073322
1,Homicide - Criminal,40.025738,-75.109796
1,Thefts,40.042086,-75.168379
1,Robbery Firearm,39.944675,-75.223733
1,Robbery Firearm,39.921641,-75.224933
1,Robbery Firearm,39.922409,-75.238758
1,Robbery Firearm,39.940576,-75.229085
1,Motor Vehicle Theft,40.003926,-75.105619
1,Thefts,40.09604,-74.976868
1,Other Assaults,40.042511,-75.070509
1,Burglary Residential,39.955241,-75.213652
1,Thefts,40.100737,-75.007959
1,Robbery Firearm,39.914198,-75.238714
1,Robbery Firearm,40.045477,-75.164834
1,Robbery Firearm,40.058017,-75.195302
1,Thefts,40.017852,-75.078535
1,Thefts,39.937851,-75.149984
1,Fraud,39.948385,-75.14439
1,Fraud,40.059655,-75.235119
1,Fraud,40.073979,-74.973731
1,Other Assaults,40.035896,-75.086052
1,Thefts,40.011019,-75.112316
1,Thefts,39.984934,-75.158559
1,Rape,40.001833,-75.106181
1,Fraud,40.108468,-75.051768
1,Thefts,40.039484,-75.177726
1,Thefts,39.979945,-75.127781
1,Fraud,39.998922,-75.127242
1,Other Assaults,39.922662,-75.15508
1,Thefts,40.042075,-75.105683
1,Fraud,40.052561,-75.180695
1,Fraud,40.022889,-75.151526
1,Rape,39.952923,-75.151599
1,Thefts,39.95796,-75.189048
1,Other Assaults,40.040942,-75.099416
1,Other Assaults,40.027567,-75.216663
1,Thefts,39.883852,-75.230706
1,Other Assaults,40.09287,-75.030309
1,Thefts,39.95169,-75.170851
1,Thefts,39.95255,-75.165287
1,Rape,39.949928,-75.143798
1,Thefts,39.92578,-75.182756
1,Thefts,40.040161,-75.176902
1,Thefts,40.061847,-75.05621
1,Thefts,39.938065,-75.182019
1,Other Assaults,39.929629,-75.185299
1,Thefts,40.044287,-75.149879
1,Theft from Vehicle,40.104225,-75.020825
1,Thefts,39.951374,-75.155198
1,Other Assaults,40.060881,-75.171271
1,Thefts,40.086513,-74.959431
1,Thefts,39.957944,-75.221196
1,Thefts,39.95314,-75.194351
1,Thefts,39.954146,-75.211966
1,Thefts,39.981016,-75.17574
1,Fraud,39.949859,-75.177626
1,Fraud,40.071791,-75.048839
1,Thefts,39.894728,-75.229306
1,Fraud,39.959978,-75.224918
1,Thefts,40.031809,-75.105435
1,Thefts,40.021334,-75.079396
1,Thefts,39.98524,-75.128426
1,Burglary Residential,40.044475,-75.175549
1,Thefts,40.074372,-75.160562
1,Theft from Vehicle,40.046523,-75.029809
1,All Other Offenses,40.078937,-74.966747
1,Narcotic / Drug Law Violations,40.031253,-75.021674
1,Theft from Vehicle,40.075031,-74.986153
1,Thefts,40.055096,-75.004388
1,Theft from Vehicle,40.087698,-74.959076
1,Theft from Vehicle,40.096028,-74.976784
1,All Other Offenses,40.062748,-75.02004
1,Thefts,40.087104,-75.022166
1,Theft from Vehicle,40.054823,-74.984225
1,Theft from Vehicle,40.063173,-74.996804
1,Vandalism/Criminal Mischief,40.079038,-75.02544
1,Other Assaults,39.929872,-75.161412
1,Gambling Violations,40.011086,-75.164415
1,Fraud,39.900717,-75.229902
1,Thefts,40.012714,-75.153815
1,Other Assaults,39.996873,-75.17381
1,Fraud,40.024991,-75.169281
1,Fraud,39.907406,-75.227832
1,Vandalism/Criminal Mischief,40.002069,-75.156171
1,Theft from Vehicle,40.025192,-75.183018
1,Other Assaults,39.939226,-75.162591
1,Aggravated Assault No Firearm,40.00531,-75.163422
1,Other Assaults,40.014628,-75.156656
1,Theft from Vehicle,40.025743,-75.181686
1,Rape,40.009664,-75.154135
1,Fraud,40.007701,-75.151655
1,Other Assaults,40.004467,-75.184698
1,Thefts,39.996791,-75.153987
1,Fraud,39.960464,-75.138911
1,Fraud,39.973793,-75.118694
1,Thefts,40.038936,-75.171609
1,Fraud,39.970432,-75.146568
1,Fraud,39.952542,-75.165286
1,Thefts,40.032661,-75.148682
1,Fraud,39.914644,-75.234869
1,Fraud,39.99214,-75.140211
1,Fraud,39.981973,-75.14444
1,Thefts,40.0095,-75.194344
1,Other Assaults,39.939536,-75.217632
1,Other Assaults,39.992454,-75.124402
1,Thefts,39.955018,-75.167992
1,Fraud,40.058554,-75.136501
1,Thefts,40.028957,-75.056977
1,Thefts,40.017408,-75.081204
1,Theft from Vehicle,40.054603,-75.188752
1,Fraud,40.073839,-75.194281
1,Fraud,40.05167,-75.174988
1,Fraud,40.046049,-75.156508
1,Other Assaults,40.044699,-75.13632
1,Other Assaults,39.999214,-75.110636
1,Thefts,39.971818,-75.125909
1,All Other Offenses,40.028265,-75.088214
1,Thefts,40.021372,-75.125907
1,Theft from Vehicle,39.983519,-75.119186
1,Fraud,39.949904,-75.143766
1,Fraud,39.960464,-75.138911
1,Fraud,39.925361,-75.177699
1,All Other Offenses,39.954481,-75.163258
1,Fraud,39.912695,-75.173431
1,Fraud,39.956813,-75.157146
1,Thefts,40.058371,-75.078433
1,Embezzlement,39.946864,-75.163452
1,Thefts,40.049908,-75.058137
1,Thefts,40.054803,-75.082716
1,Thefts,40.033061,-75.08774
1,Thefts,40.056034,-75.067538
1,Thefts,39.904728,-75.168675
1,Arson,40.028355,-75.206453
1,All Other Offenses,40.030704,-75.104215
1,Thefts,39.947904,-75.162403
1,Fraud,39.975205,-75.153127
1,Thefts,39.967898,-75.160216
1,Thefts,39.94553,-75.164951
1,Thefts,39.942046,-75.152868
1,Thefts,39.941135,-75.147727
1,Thefts,39.951374,-75.155198
1,Fraud,40.103093,-74.974878
1,Thefts,39.953891,-75.163143
1,Thefts,39.948756,-75.14406
1,Fraud,39.970126,-75.149994
1,Fraud,40.023941,-75.06282
1,Other Assaults,39.925898,-75.152631
1,Thefts,39.993148,-75.154717
1,Thefts,39.984371,-75.16266
1,All Other Offenses,39.957453,-75.197684
1,Thefts,39.953145,-75.170067
1,Fraud,40.034381,-75.076339
1,All Other Offenses,39.954261,-75.23247
1,Thefts,39.934025,-75.195486
1,Thefts,40.009675,-75.105813
1,Thefts,39.952192,-75.206969
1,Thefts,39.952073,-75.161485
1,Fraud,40.045212,-75.176081
1,Fraud,40.03653,-75.053397
1,Fraud,40.044304,-75.150487
1,Weapon Violations,39.998107,-75.125428
1,Fraud,40.022416,-75.078182
1,Thefts,39.941922,-75.145332
1,Fraud,40.02416,-75.087816
1,Other Assaults,40.040161,-75.176902
1,Robbery No Firearm,40.039574,-75.129769
1,Other Assaults,40.100978,-74.983819
1,Thefts,39.950012,-75.169248
1,Fraud,39.952141,-75.242874
1,Fraud,39.986762,-75.114431
1,Fraud,39.988185,-75.117562
1,Fraud,40.019294,-75.115288
1,All Other Offenses,40.068649,-75.087071
1,Fraud,39.927858,-75.174051
1,Fraud,39.918538,-75.185227
1,Fraud,39.927682,-75.180158
1,Other Assaults,39.917309,-75.154504
1,Thefts,40.111568,-74.972094
1,Fraud,39.963931,-75.161138
1,Fraud,39.951835,-75.167128
1,Thefts,39.946835,-75.164948
1,Motor Vehicle Theft,40.036102,-75.081772
1,Other Assaults,39.9488,-75.145116
1,Thefts,39.947278,-75.166719
1,Thefts,40.063243,-75.238669
1,Other Assaults,39.9513,-75.15455
1,Motor Vehicle Theft,39.963233,-75.225691
1,Motor Vehicle Theft,39.948381,-75.14414
1,Theft from Vehicle,40.085961,-75.031549
1,Thefts,39.951079,-75.165613
1,Thefts,39.995272,-75.239077
1,Fraud,40.063544,-75.047449
1,Robbery Firearm,39.979735,-75.176892
1,Thefts,39.991692,-75.137324
1,Other Assaults,39.978286,-75.268092
1,Robbery Firearm,40.044233,-75.125436
1,Other Assaults,39.993836,-75.140735
1,Rape,39.939363,-75.215331
1,Thefts,39.950131,-75.157647
1,Thefts,39.965145,-75.209357
1,Thefts,40.030092,-75.090199
1,Embezzlement,39.904459,-75.166591
1,Thefts,39.951377,-75.155228
1,Fraud,39.952586,-75.16523
1,Fraud,39.95255,-75.165287
1,Robbery No Firearm,39.970155,-75.179743
1,Rape,40.037665,-75.179171
1,Thefts,40.043684,-75.144486
